review,sentiment
Bu ürün harika çok memnun kaldım,positive
Uygulama çok hızlı ve kullanışlı,positive
Gerçekten kaliteli bir deneyim,positive
Tavsiye ederim çok iyi,positive
Arayüz sade ve güzel,positive
Hizmeti beğendim,positive
Beklentilerimi aştı,positive
Kullanımı çok kolay,positive
Fonksiyonları çok yararlı,positive
Tasarım modern ve şık,positive
Performansı mükemmel,positive
Destek ekibi çok yardımcı oldu,positive
Kurulumu sorunsuzdu,positive
Fiyatına göre beklentinin üstünde,positive
Güncellemeler düzenli ve faydalı,positive
Herkese öneririm,positive
Pil ömrü çok iyi,positive
Hızlı teslimat ve sağlam paketleme,positive
Ses kalitesi çok tatmin edici,positive
Resim kalitesi muhteşem,positive
Malzeme kalitesi yüksek,positive
Kullanıcı dostu arayüz,positive
Kurulum belgeleri açıklayıcı,positive
Özellikleri eksiksiz,positive
Beklediğimden daha iyi çıktı,positive
Stabil çalışıyor hiç kasmıyor,positive
Aradığım tüm özelliklere sahip,positive
Sık güncellemeler güven veriyor,positive
Ürün sorunsuz çalışıyor,positive
Tasarım ve işçilik başarılı,positive
Ergonomisi çok iyi,positive
Şık ve dayanıklı,positive
Güvenilir bir ürün,positive
Bağlantı hızı etkileyici,positive
Kurulum kolay ve hızlı,positive
Teknik destek hızlı cevap verdi,positive
Çok memnun kaldım tekrar alırım,positive
Harika müşteri deneyimi,positive
İşimi kolaylaştırdı,positive
Beklediğimden hızlı ulaştı,positive
Kullanırken keyif alıyorum,positive
Renk seçeneği çok güzel,positive
Menü düzeni çok sade,positive
Kullanıcı yorumları doğru çıktı,positive
Fonksiyonları sezgisel,positive
Çok sağlam ve güvenli,positive
Sorun yaşamadım,positive
Fiyat performans dengesi iyi,positive
Ses izolasyonu başarılı,positive
Hem şık hem fonksiyonel,positive
Çok esnek kullanım sunuyor,positive
Malzeme dokusu kaliteli,positive
Güç tüketimi düşük,positive
Arayüzü öğrenmesi kolay,positive
Hızlı ve güvenilir bağlantı sağlıyor,positive
Gün içindeki performansı etkileyici,positive
İnce ve hafif tasarım,positive
Uygulama hiç donmuyor,positive
Ödeme süreci sorunsuzdu,positive
Kurulum sırasında sorun çıkmadı,positive
Paketleme özenliydi,positive
Kullanım kılavuzu faydalı,positive
Yardım dokümanları kapsamlı,positive
Güncelleme boyutu küçük ve işe yarıyor,positive
Tasarım göze hoş görünüyor,positive
Renk doğruluğu çok iyi,positive
Fotoğraf işleme başarılı,positive
Alarm sistemi güven veriyor,positive
Operasyon basit ve hızlı,positive
Kullanıcı ayarları zengin,positive
Çok yönlü kullanım imkanı var,positive
Bağlantı kesintisi yaşamadım,positive
Ses açık ve net geliyor,positive
Ekran parlaklığı yeterli,positive
Arama kalitesi tatmin edici,positive
Malzeme sağlamlığı iyi,positive
Kullanıcı arayüzü hızlı tepki veriyor,positive
Her gün kullanıyorum memnunum,positive
Beklediğimden uzun ömürlü,positive
Akıllı özellikleri başarılı,positive
Otomatik güncellemeler sorunsuz,positive
Performansı istikrarlı,positive
Tasarım kullanışlı ve zarif,positive
Kurumsal kullanım için ideal,positive
Evde kullanımda çok rahat,positive
Sade ama işlevsel,positive
Renk seçenekleri geniş,positive
Hızlı şarj özelliği etkileyici,positive
Telefonla eşleştirmesi kolay,positive
Sesli komutlar düzgün çalışıyor,positive
Fotoğraf kalitesi doğal,positive
Çok hafif ve taşınabilir,positive
Pil süresi beklentiyi karşıladı,positive
Montaj çok kolaydı,positive
Kötü değil gayet güzel,positive
Hiç fena değil oldukça başarılı,positive
Beklediğim kadar kötü çıkmadı,positive
Sorunsuz değil ama genel olarak iyi,positive
Mükemmel değil fakat iş görüyor,positive
Çok yönlü adaptör seçeneği var,positive
Kablolar kaliteli,positive
Uygulama arayüzü stabil,positive
Bildirimler zamanında geliyor,positive
Yedek parça temini kolay,positive
Kullanım deneyimi kusursuza yakın,positive
Çok kötü hiçbir işe yaramıyor,negative
Sürekli hata veriyor,negative
Beklentilerimi karşılamadı,negative
Bağlantı kopuyor sık sık,negative
Kurulum çok karmaşık,negative
Destek hiç yardımcı olmadı,negative
Pil çok çabuk bitiyor,negative
Ses kalitesi kötü,negative
Fotoğraf bulanık çıkıyor,negative
Arayüz kafa karıştırıcı,negative
Performansı yetersiz,negative
Kötü malzeme kalitesi,negative
Tasarım çabuk bozuldu,negative
Ürün beklediğim gibi değil,negative
Yazılım hataları fazla,negative
Güncelleme sonrası sorun çıktı,negative
Isınma problemi var,negative
Donma ve çökme yaşadım,negative
Kargo geç geldi,negative
Paketleme yetersizdi,negative
Fonksiyonlar eksik,negative
Kullanımı zor ve sinir bozucu,negative
Beklediğim performansı vermedi,negative
Ekran çatladı kısa sürede,negative
Ses titrek ve bozuk,negative
Menü seçenekleri eksik,negative
Ayarlar kayboluyor,negative
Fotoğraf rengi soluk,negative
Garanti ile sorun yaşadım,negative
Yavaş ve kastı,negative
Kilitlenme sorunu var,negative
Kablo kalitesi kötü,negative
Yazılım güncellemesi faydasızdı,negative
Uygulama sık sık çöküyor,negative
Alarm çalışmıyor,negative
Bağlantı zayıf mesafede,negative
Montaj talimatları yetersiz,negative
Donanım arızalandı kısa sürede,negative
Çok gürültülü çalışıyor,negative
Erişim engellendi sık sık,negative
İyi değil kesinlikle tavsiye etmem,negative
Güzel değil beklentimi karşılamadı,negative
Başarılı değil çok sorunlu,negative
Kullanışlı değil zaman kaybı,negative
Kaliteli değil çabuk bozuldu,negative
Hatalı ürün gönderildi,negative
İade süreci karmaşık,negative
Kullanıcı deneyimi hayal kırıklığı,negative
Malzeme çiziliyor kolayca,negative
Renk tonu farklı geldi,negative
Uygulama reklamlarla dolu,negative
Gereksiz özellikler fazla,negative
Düşük çözünürlük,negative
Pil aşırı ısınıyor,negative
Zayıf sinyal alıyor,negative
Ses gecikmesi var,negative
Bildirimler gelmiyor,negative
Menü yavaş tepki veriyor,negative
Kasa çabuk paslandı,negative
Yazılım lisansı sorunlu,negative
Çok düşük performans,negative
Ekran titriyor arada,negative
Fonksiyonlar kararlı değil,negative
Ayarlar sıfırlanıyor kendiliğinden,negative
Hoparlör çatlak ses veriyor,negative
Şarj portu gevşek,negative
Kargo takip bilgisi yoktu,negative
Paket içinde eksik parça vardı,negative
Kurulum ekranı donuyor,negative
Dokunmatik hassasiyeti kötü,negative
Uygulama arayüzü eski hissettiriyor,negative
Kullanım süresi kısa,negative
Tüm özellikler çalışmıyor,negative
Yazılım hatası nedeniyle veri kaybettim,negative
Kullanıcı hesabı oluşturulamıyor,negative
Cihaz tanınmıyor bilgisayar tarafından,negative
Bağlantı hızı yavaşlıyor,negative
Arka plan uygulamaları kapanıyor,negative
Gün içinde performans düşüyor,negative
Çok fazla reklam gösteriyor,negative
Ses kaydı kalitesiz,negative
Opsiyonel parçalar uyumsuz,negative
Düşük malzeme dayanıklılığı,negative
Sistemi güncelleyemiyorum,negative
Destek cevap vermiyor uzun süre,negative
Cihaz rastgele reset atıyor,negative
Ara yüzde hata mesajları çıkıyor,negative
Yedek parça uzun sürede geliyor,negative
Kurulum programı hata veriyor,negative
Kullanım kılavuzu eksik bilgiler içeriyor,negative
Renk solması yaşandı kısa sürede,negative
Cihaz yüzeyi çiziliyor,negative
Uygulama içi satın alma zorlayıcı,negative
Çok ısınmakta ve kapanıyor,negative
WiFi bağlantısı kopuyor sıkça,negative
Telefonla eşleşme başarısız,negative
Ürün orijinal değil gibiydi,negative
Ayarlar kayıt olmuyor,negative
Yedekleme işlemi hata veriyor,negative
Çok karmaşık menü yapısı,negative
Cihaz titreşimi rahatsız ediyor,negative
Ekran parlaklığı yeterli değil,negative
Ses dengesi kötü,negative
Batarya şişme yaptı,negative
Satıcı güvenilir değil,negative